date,/m/0cjf0_0,/m/0cjf0_1,/m/0cjf0_2,/m/0cjf0_3,/m/0cjf0_4,/m/0cjf0_5,/m/0cjf0_6,/m/0cjf0_7,/m/0cjf0_8,/m/0cjf0_9,/m/0cjf0,batch_id
2020-01-01,22.0,21.0,21.0,22.0,18.0,24.0,23.0,21.0,19.0,20.0,21.443089430894307,0.0
2020-01-02,25.0,24.0,27.0,21.0,22.0,24.0,21.0,27.0,25.0,28.0,24.796747967479675,0.0
2020-01-03,24.0,21.0,20.0,18.0,22.0,20.0,29.0,20.0,24.0,20.0,22.154471544715445,0.0
2020-01-04,22.0,19.0,18.0,24.0,20.0,18.0,23.0,18.0,22.0,20.0,20.73170731707317,0.0
2020-01-05,27.0,21.0,22.0,27.0,26.0,23.0,27.0,24.0,25.0,24.0,25.0,0.0
2020-01-06,21.0,22.0,22.0,21.0,25.0,22.0,23.0,25.0,26.0,23.0,23.3739837398374,0.0
2020-01-07,21.0,20.0,21.0,20.0,18.0,22.0,25.0,18.0,16.0,19.0,20.32520325203252,0.0
2020-01-08,22.0,18.0,16.0,20.0,18.0,18.0,21.0,21.0,18.0,20.0,19.51219512195122,0.0
2020-01-09,21.0,21.0,17.0,22.0,15.0,22.0,20.0,15.0,20.0,18.0,19.410569105691057,0.0
2020-01-10,19.0,18.0,12.0,16.0,12.0,18.0,18.0,15.0,16.0,14.0,16.05691056910569,0.0
2020-01-11,17.0,18.0,20.0,18.0,17.0,23.0,20.0,19.0,21.0,17.0,19.30894308943089,0.0
2020-01-12,22.0,21.0,20.0,18.0,20.0,18.0,23.0,19.0,22.0,24.0,21.036585365853657,0.0
2020-01-13,26.0,22.0,22.0,25.0,22.0,26.0,26.0,24.0,24.0,21.0,24.186991869918696,0.0
2020-01-14,24.0,24.0,20.0,21.0,21.0,22.0,19.0,19.0,23.0,24.0,22.052845528455283,0.0
2020-01-15,27.0,25.0,21.0,22.0,23.0,25.0,30.0,25.0,22.0,29.0,25.304878048780488,0.0
2020-01-16,23.0,30.0,26.0,27.0,22.0,22.0,27.0,22.0,26.0,21.0,25.0,0.0
2020-01-17,16.0,20.0,18.0,22.0,21.0,22.0,23.0,22.0,20.0,17.0,20.42682926829269,0.0
2020-01-18,26.0,23.0,19.0,23.0,20.0,22.0,19.0,23.0,20.0,26.0,22.459349593495933,0.0
2020-01-19,22.0,27.0,16.0,28.0,21.0,29.0,31.0,22.0,21.0,25.0,24.59349593495935,0.0
2020-01-20,25.0,24.0,19.0,19.0,21.0,22.0,25.0,19.0,21.0,22.0,22.052845528455283,0.0
2020-01-21,22.0,26.0,22.0,26.0,18.0,21.0,25.0,24.0,25.0,21.0,23.3739837398374,0.0
2020-01-22,27.0,28.0,28.0,25.0,27.0,29.0,25.0,28.0,19.0,28.0,26.82926829268293,0.0
2020-01-23,26.0,22.0,18.0,26.0,18.0,25.0,25.0,24.0,24.0,22.0,23.3739837398374,0.0
2020-01-24,27.0,30.0,25.0,26.0,22.0,22.0,28.0,25.0,29.0,26.0,26.42276422764228,0.0
2020-01-25,27.0,36.0,27.0,34.0,34.0,39.0,40.0,32.0,33.0,30.0,33.739837398373986,0.0
2020-01-26,31.0,32.0,33.0,34.0,30.0,34.0,31.0,32.0,34.0,33.0,32.92682926829268,0.0
2020-01-27,25.0,30.0,33.0,26.0,26.0,31.0,34.0,31.0,26.0,35.0,30.18292682926829,0.0
2020-01-28,26.0,27.0,27.0,33.0,30.0,36.0,35.0,31.0,29.0,30.0,30.894308943089428,0.0
2020-01-29,29.0,29.0,24.0,27.0,23.0,25.0,27.0,29.0,24.0,30.0,27.134146341463413,0.0
2020-01-30,34.0,37.0,33.0,40.0,32.0,37.0,32.0,32.0,29.0,30.0,34.14634146341463,0.0
2020-01-31,34.0,37.0,32.0,31.0,31.0,35.0,28.0,27.0,28.0,34.0,32.21544715447154,0.0
2020-02-01,30.0,31.0,27.0,27.0,28.0,23.0,33.0,33.0,37.0,30.0,30.38617886178861,0.0
2020-02-02,37.0,38.0,32.0,36.0,40.0,41.0,40.0,34.0,38.0,41.0,38.3130081300813,0.0
2020-02-03,24.0,26.0,27.0,28.0,28.0,26.0,33.0,31.0,32.0,28.0,28.76016260162601,0.0
2020-02-04,28.0,30.0,33.0,28.0,30.0,27.0,35.0,32.0,24.0,31.0,30.28455284552845,0.0
2020-02-05,28.0,25.0,24.0,29.0,29.0,27.0,25.0,26.0,27.0,27.0,27.134146341463413,0.0
2020-02-06,27.0,28.0,26.0,25.0,23.0,26.0,24.0,27.0,28.0,22.0,26.016260162601625,0.0
2020-02-07,28.0,26.0,25.0,25.0,22.0,28.0,28.0,27.0,25.0,24.0,26.21951219512195,0.0
2020-02-08,34.0,34.0,30.0,25.0,30.0,34.0,44.0,32.0,30.0,37.0,33.536585365853654,0.0
2020-02-09,37.0,35.0,40.0,34.0,36.0,37.0,42.0,36.0,38.0,44.0,38.516260162601625,0.0
2020-02-10,30.0,29.0,28.0,32.0,29.0,31.0,31.0,30.0,30.0,29.0,30.38617886178861,0.0
2020-02-11,33.0,29.0,25.0,30.0,32.0,27.0,29.0,32.0,33.0,31.0,30.58943089430894,0.0
2020-02-12,29.0,27.0,24.0,30.0,24.0,24.0,30.0,28.0,21.0,24.0,26.52439024390244,0.0
2020-02-13,28.0,23.0,23.0,24.0,25.0,29.0,29.0,26.0,24.0,23.0,25.8130081300813,0.0
2020-02-14,24.0,23.0,27.0,24.0,23.0,26.0,23.0,23.0,22.0,29.0,24.796747967479675,0.0
2020-02-15,28.0,31.0,26.0,25.0,29.0,30.0,33.0,30.0,26.0,35.0,29.77642276422764,0.0
2020-02-16,33.0,36.0,36.0,33.0,26.0,30.0,33.0,32.0,33.0,32.0,32.92682926829268,0.0
2020-02-17,21.0,20.0,23.0,29.0,24.0,28.0,27.0,26.0,26.0,30.0,25.8130081300813,0.0
2020-02-18,25.0,25.0,24.0,24.0,22.0,27.0,26.0,28.0,28.0,29.0,26.21951219512195,0.0
2020-02-19,25.0,27.0,21.0,27.0,24.0,29.0,24.0,25.0,28.0,25.0,25.914634146341463,0.0
2020-02-20,24.0,25.0,18.0,20.0,22.0,26.0,23.0,23.0,22.0,24.0,23.069105691056908,0.0
2020-02-21,23.0,19.0,24.0,24.0,24.0,28.0,25.0,25.0,24.0,22.0,24.186991869918696,0.0
2020-02-22,23.0,20.0,22.0,18.0,21.0,22.0,24.0,23.0,23.0,22.0,22.154471544715445,0.0
2020-02-23,32.0,33.0,32.0,37.0,34.0,36.0,33.0,31.0,26.0,32.0,33.130081300813,0.0
2020-02-24,27.0,29.0,29.0,35.0,24.0,30.0,36.0,29.0,31.0,25.0,29.979674796747965,0.0
2020-02-25,23.0,21.0,26.0,24.0,31.0,27.0,25.0,24.0,27.0,25.0,25.711382113821134,0.0
2020-02-26,30.0,33.0,28.0,28.0,28.0,30.0,26.0,27.0,31.0,33.0,29.8780487804878,0.0
2020-02-27,36.0,28.0,34.0,35.0,26.0,37.0,33.0,33.0,36.0,35.0,33.84146341463414,0.0
2020-02-28,35.0,31.0,34.0,35.0,38.0,36.0,34.0,34.0,37.0,39.0,35.87398373983739,0.0
2020-02-29,36.0,42.0,39.0,39.0,40.0,42.0,40.0,32.0,35.0,38.0,38.92276422764227,0.0
2020-03-01,33.0,40.0,31.0,40.0,37.0,39.0,39.0,38.0,35.0,42.0,38.00813008130081,0.0
2020-03-02,41.0,40.0,36.0,48.0,38.0,41.0,45.0,39.0,45.0,44.0,42.3780487804878,0.0
2020-03-03,29.0,33.0,29.0,28.0,31.0,35.0,41.0,32.0,38.0,33.0,33.43495934959349,0.0
2020-03-04,34.0,38.0,34.0,36.0,37.0,40.0,34.0,30.0,36.0,39.0,36.382113821138205,0.0
2020-03-05,30.0,33.0,35.0,27.0,31.0,29.0,36.0,33.0,36.0,31.0,32.62195121951219,0.0
2020-03-06,44.0,36.0,42.0,37.0,34.0,43.0,42.0,35.0,37.0,42.0,39.83739837398375,0.0
2020-03-07,33.0,37.0,32.0,42.0,36.0,40.0,47.0,34.0,36.0,38.0,38.109756097560975,0.0
2020-03-08,42.0,36.0,45.0,43.0,43.0,41.0,44.0,40.0,41.0,39.0,42.073170731707314,0.0
2020-03-09,47.0,38.0,43.0,38.0,40.0,47.0,47.0,46.0,40.0,44.0,43.69918699186992,0.0
2020-03-10,47.0,51.0,45.0,52.0,45.0,48.0,53.0,42.0,51.0,49.0,49.08536585365854,0.0
2020-03-11,49.0,49.0,54.0,50.0,53.0,49.0,52.0,52.0,42.0,52.0,51.016260162601625,0.0
2020-03-12,67.0,67.0,57.0,64.0,58.0,62.0,66.0,58.0,66.0,62.0,63.71951219512195,0.0
2020-03-13,69.0,65.0,70.0,66.0,73.0,77.0,88.0,71.0,74.0,80.0,74.49186991869918,0.0
2020-03-14,85.0,83.0,83.0,84.0,80.0,83.0,99.0,84.0,92.0,100.0,88.71951219512195,0.0
2020-03-15,100.0,100.0,100.0,100.0,100.0,100.0,95.0,100.0,97.0,92.0,100.0,0.0
2020-03-16,98.0,93.0,89.0,95.0,83.0,94.0,92.0,90.0,89.0,94.0,93.1910569105691,0.0
2020-03-17,88.0,97.0,87.0,90.0,84.0,89.0,100.0,92.0,100.0,93.0,93.49593495934958,0.0
2020-03-18,85.0,94.0,82.0,87.0,83.0,95.0,90.0,93.0,85.0,87.0,89.53252032520325,0.0
2020-03-19,79.0,82.0,68.0,73.0,74.0,83.0,85.0,77.0,67.0,74.0,77.4390243902439,0.0
2020-03-20,82.0,74.0,78.0,77.0,88.0,87.0,92.0,77.0,74.0,78.0,82.01219512195121,0.0
2020-03-21,86.0,89.0,82.0,91.0,79.0,88.0,87.0,92.0,82.0,93.0,88.3130081300813,0.0
2020-03-22,85.0,86.0,84.0,85.0,88.0,93.0,93.0,85.0,88.0,93.0,89.43089430894308,0.0
2020-03-23,70.0,64.0,69.0,63.0,75.0,68.0,74.0,64.0,67.0,65.0,69.00406504065042,0.0
2020-03-24,58.0,60.0,60.0,62.0,57.0,67.0,70.0,57.0,58.0,57.0,61.58536585365853,0.0
2020-03-25,55.0,55.0,54.0,56.0,57.0,66.0,63.0,57.0,51.0,62.0,58.53658536585365,0.0
2020-03-26,55.0,52.0,52.0,53.0,52.0,58.0,64.0,56.0,58.0,60.0,56.91056910569105,0.0
2020-03-27,58.0,65.0,62.0,61.0,65.0,65.0,68.0,65.0,58.0,66.0,64.32926829268293,0.0
2020-03-28,64.0,63.0,69.0,56.0,59.0,62.0,72.0,66.0,62.0,64.0,64.73577235772358,0.0
2020-03-29,62.0,66.0,62.0,63.0,60.0,68.0,67.0,67.0,60.0,62.0,64.73577235772358,0.0
2020-03-30,50.0,51.0,40.0,47.0,38.0,45.0,46.0,48.0,43.0,52.0,46.74796747967479,0.0
2020-03-31,48.0,46.0,47.0,43.0,40.0,43.0,42.0,42.0,45.0,40.0,44.30894308943089,0.0
2020-04-01,38.0,35.0,39.0,37.0,32.0,36.0,42.0,41.0,43.0,39.0,38.82113821138211,0.0
2020-04-02,35.0,35.0,38.0,42.0,38.0,44.0,46.0,37.0,38.0,40.0,39.93902439024389,0.0
2020-04-03,40.0,38.0,35.0,33.0,32.0,30.0,38.0,36.0,38.0,40.0,36.58536585365854,0.0
2020-04-04,37.0,32.0,41.0,35.0,37.0,39.0,44.0,33.0,36.0,30.0,36.99186991869919,0.0
2020-04-05,33.0,29.0,37.0,33.0,29.0,35.0,40.0,36.0,35.0,35.0,34.75609756097561,0.0
2020-04-06,24.0,32.0,31.0,30.0,30.0,36.0,26.0,28.0,31.0,30.0,30.28455284552845,0.0
2020-04-07,32.0,30.0,30.0,32.0,30.0,33.0,29.0,27.0,30.0,28.0,30.58943089430894,0.0
2020-04-08,27.0,26.0,27.0,27.0,26.0,26.0,29.0,25.0,26.0,29.0,27.235772357723576,0.0
2020-04-09,25.0,22.0,28.0,22.0,26.0,31.0,26.0,25.0,23.0,24.0,25.60975609756097,0.0
2020-04-10,27.0,28.0,27.0,33.0,29.0,33.0,29.0,26.0,29.0,29.0,29.471544715447152,0.0
2020-04-11,22.0,25.0,22.0,24.0,24.0,26.0,30.0,21.0,24.0,23.0,24.491869918699187,0.0
2020-04-12,25.0,30.0,27.0,27.0,31.0,34.0,33.0,30.0,29.0,36.0,30.691056910569102,0.0
2020-04-13,29.0,24.0,19.0,23.0,21.0,21.0,29.0,24.0,24.0,22.0,23.98373983739837,0.0
2020-04-14,27.0,19.0,22.0,20.0,21.0,27.0,24.0,26.0,20.0,23.0,23.272357723577237,0.0
2020-04-15,28.0,21.0,27.0,24.0,25.0,23.0,25.0,30.0,24.0,27.0,25.8130081300813,0.0
2020-04-16,19.0,21.0,19.0,20.0,23.0,23.0,22.0,21.0,21.0,19.0,21.13821138211382,0.0
2020-04-17,24.0,23.0,20.0,23.0,20.0,22.0,25.0,22.0,19.0,25.0,22.662601626016254,0.0
2020-04-18,23.0,23.0,26.0,24.0,25.0,22.0,25.0,23.0,30.0,23.0,24.796747967479675,0.0
2020-04-19,26.0,21.0,24.0,21.0,20.0,26.0,24.0,24.0,25.0,24.0,23.88211382113821,0.0
2020-04-20,20.0,21.0,23.0,19.0,20.0,21.0,23.0,23.0,23.0,22.0,21.84959349593496,0.0
2020-04-21,16.0,19.0,17.0,16.0,18.0,20.0,26.0,20.0,18.0,21.0,19.410569105691057,0.0
2020-04-22,16.0,19.0,20.0,20.0,13.0,20.0,19.0,20.0,18.0,21.0,18.902439024390244,0.0
2020-04-23,17.0,17.0,16.0,16.0,18.0,20.0,23.0,19.0,17.0,14.0,17.98780487804878,0.0
2020-04-24,20.0,22.0,20.0,18.0,21.0,23.0,18.0,18.0,17.0,21.0,20.121951219512194,0.0
2020-04-25,20.0,22.0,19.0,21.0,18.0,22.0,22.0,22.0,14.0,24.0,20.73170731707317,0.0
2020-04-26,23.0,23.0,22.0,19.0,23.0,25.0,21.0,28.0,25.0,23.0,23.57723577235772,0.0
2020-04-27,20.0,21.0,19.0,21.0,21.0,19.0,19.0,20.0,18.0,20.0,20.121951219512194,0.0
2020-04-28,13.0,19.0,15.0,16.0,14.0,15.0,18.0,16.0,13.0,15.0,15.65040650406504,0.0
2020-04-29,21.0,18.0,18.0,16.0,17.0,22.0,19.0,16.0,18.0,17.0,18.495934959349597,0.0
2020-04-30,16.0,13.0,20.0,16.0,18.0,17.0,16.0,14.0,16.0,20.0,16.869918699186993,0.0
2020-05-01,16.0,15.0,12.0,15.0,15.0,16.0,19.0,17.0,14.0,12.0,15.345528455284551,0.0
2020-05-02,16.0,20.0,18.0,19.0,17.0,20.0,19.0,19.0,21.0,20.0,19.207317073170728,0.0
2020-05-03,17.0,19.0,18.0,20.0,20.0,17.0,23.0,18.0,17.0,19.0,19.10569105691057,0.0
2020-05-04,19.0,18.0,16.0,19.0,20.0,18.0,19.0,19.0,19.0,18.0,18.80081300813008,0.0
2020-05-05,22.0,18.0,24.0,22.0,22.0,21.0,14.0,17.0,20.0,21.0,20.42682926829269,0.0
2020-05-06,19.0,16.0,20.0,17.0,13.0,16.0,17.0,18.0,16.0,17.0,17.174796747967477,0.0
2020-05-07,19.0,17.0,20.0,21.0,22.0,21.0,19.0,15.0,16.0,20.0,19.30894308943089,0.0
2020-05-08,17.0,17.0,18.0,16.0,17.0,19.0,16.0,17.0,16.0,18.0,17.378048780487806,0.0
2020-05-09,14.0,19.0,19.0,20.0,22.0,20.0,18.0,15.0,18.0,19.0,18.699186991869915,0.0
2020-05-10,19.0,20.0,18.0,19.0,19.0,20.0,22.0,22.0,15.0,19.0,19.61382113821138,0.0
2020-05-11,19.0,18.0,18.0,20.0,20.0,23.0,21.0,19.0,21.0,20.0,20.223577235772357,0.0
2020-05-12,22.0,16.0,23.0,17.0,14.0,19.0,21.0,17.0,17.0,23.0,19.207317073170728,0.0
2020-05-13,23.0,23.0,22.0,24.0,19.0,22.0,20.0,18.0,23.0,21.0,21.84959349593496,0.0
2020-05-14,20.0,20.0,18.0,17.0,19.0,18.0,19.0,18.0,17.0,18.0,18.699186991869915,0.0
2020-05-15,25.0,21.0,27.0,21.0,20.0,22.0,18.0,20.0,17.0,23.0,21.747967479674795,0.0
2020-05-16,22.0,22.0,21.0,21.0,20.0,18.0,25.0,17.0,16.0,24.0,20.93495934959349,0.0
2020-05-17,23.0,21.0,24.0,22.0,17.0,19.0,18.0,24.0,21.0,23.0,21.54471544715447,0.0
2020-05-18,18.0,21.0,20.0,18.0,16.0,24.0,21.0,18.0,22.0,21.0,20.223577235772357,0.0
2020-05-19,18.0,19.0,22.0,16.0,20.0,22.0,22.0,19.0,22.0,21.0,20.42682926829269,0.0
2020-05-20,18.0,23.0,25.0,24.0,22.0,20.0,22.0,17.0,24.0,19.0,21.747967479674795,0.0
2020-05-21,23.0,19.0,17.0,21.0,20.0,21.0,23.0,21.0,18.0,19.0,20.528455284552845,0.0
2020-05-22,23.0,15.0,25.0,18.0,18.0,21.0,26.0,21.0,20.0,26.0,21.646341463414632,0.0
2020-05-23,14.0,14.0,10.0,17.0,15.0,14.0,14.0,14.0,15.0,14.0,14.329268292682926,0.0
2020-05-24,15.0,16.0,21.0,17.0,18.0,18.0,23.0,19.0,18.0,19.0,18.699186991869915,0.0
2020-05-25,18.0,20.0,16.0,16.0,14.0,17.0,16.0,15.0,18.0,17.0,16.971544715447152,0.0
2020-05-26,18.0,18.0,15.0,14.0,17.0,16.0,18.0,17.0,17.0,15.0,16.768292682926827,0.0
2020-05-27,16.0,18.0,14.0,16.0,17.0,17.0,16.0,16.0,17.0,19.0,16.869918699186993,0.0
2020-05-28,15.0,16.0,14.0,18.0,13.0,16.0,16.0,16.0,16.0,10.0,15.243902439024389,0.0
2020-05-29,13.0,18.0,15.0,17.0,14.0,18.0,16.0,16.0,15.0,14.0,15.853658536585366,0.0
2020-05-30,15.0,18.0,16.0,15.0,16.0,21.0,18.0,17.0,19.0,14.0,17.174796747967477,0.0
2020-05-31,18.0,22.0,16.0,16.0,23.0,16.0,18.0,19.0,15.0,20.0,18.59756097560976,0.0
2020-06-01,18.0,17.0,17.0,15.0,16.0,18.0,20.0,15.0,15.0,17.0,17.073170731707314,0.0
2020-06-02,16.0,18.0,17.0,14.0,19.0,19.0,18.0,18.0,17.0,14.0,17.27642276422764,0.0
2020-06-03,18.0,17.0,16.0,13.0,16.0,16.0,19.0,20.0,17.0,17.0,17.174796747967477,0.0
2020-06-04,16.0,16.0,14.0,14.0,14.0,13.0,18.0,13.0,15.0,17.0,15.243902439024389,0.0
2020-06-05,15.0,14.0,14.0,13.0,16.0,14.0,17.0,16.0,14.0,17.0,15.243902439024389,0.0
2020-06-06,10.0,13.0,12.0,13.0,15.0,14.0,16.0,12.0,11.0,14.0,13.211382113821138,0.0
2020-06-07,14.0,17.0,14.0,18.0,14.0,14.0,18.0,16.0,16.0,14.0,15.752032520325203,0.0
2020-06-08,15.0,13.0,10.0,14.0,12.0,12.0,16.0,12.0,16.0,13.0,13.516260162601624,0.0
2020-06-09,13.0,13.0,14.0,13.0,11.0,14.0,11.0,13.0,12.0,13.0,12.90650406504065,0.0
2020-06-10,17.0,16.0,14.0,18.0,15.0,15.0,15.0,15.0,15.0,15.0,15.752032520325203,0.0
2020-06-11,14.0,16.0,14.0,13.0,14.0,16.0,20.0,18.0,14.0,16.0,15.752032520325203,0.0
2020-06-12,12.0,15.0,14.0,13.0,14.0,12.0,10.0,11.0,13.0,14.0,13.008130081300813,0.0
2020-06-13,11.0,16.0,12.0,14.0,17.0,14.0,15.0,16.0,16.0,17.0,15.040650406504064,0.0
2020-06-14,13.0,15.0,12.0,16.0,16.0,14.0,13.0,13.0,8.0,14.0,13.617886178861788,0.0
2020-06-15,12.0,11.0,12.0,12.0,10.0,12.0,16.0,13.0,10.0,12.0,12.195121951219512,0.0
2020-06-16,9.0,12.0,13.0,10.0,12.0,11.0,15.0,12.0,11.0,14.0,12.093495934959348,0.0
2020-06-17,13.0,18.0,14.0,20.0,17.0,17.0,17.0,13.0,16.0,16.0,16.36178861788618,0.0
2020-06-18,10.0,12.0,13.0,12.0,13.0,15.0,14.0,13.0,13.0,12.0,12.90650406504065,0.0
2020-06-19,13.0,13.0,12.0,14.0,13.0,16.0,15.0,12.0,14.0,17.0,14.1260162601626,0.0
2020-06-20,12.0,11.0,14.0,13.0,11.0,16.0,17.0,10.0,9.0,13.0,12.804878048780488,0.0
2020-06-21,14.0,20.0,17.0,15.0,13.0,14.0,17.0,14.0,15.0,15.0,15.65040650406504,0.0
2020-06-22,14.0,17.0,12.0,10.0,13.0,13.0,11.0,12.0,12.0,14.0,13.008130081300813,0.0
2020-06-23,15.0,18.0,17.0,17.0,20.0,17.0,18.0,17.0,15.0,18.0,17.479674796747968,0.0
2020-06-24,15.0,17.0,16.0,13.0,14.0,18.0,20.0,17.0,14.0,16.0,16.260162601626014,0.0
2020-06-25,16.0,17.0,19.0,16.0,18.0,20.0,19.0,19.0,20.0,20.0,18.699186991869915,0.0
2020-06-26,15.0,14.0,14.0,17.0,12.0,15.0,16.0,13.0,13.0,12.0,14.329268292682926,0.0
2020-06-27,12.0,18.0,15.0,18.0,15.0,15.0,21.0,13.0,15.0,18.0,16.260162601626014,0.0
2020-06-28,15.0,15.0,18.0,19.0,12.0,21.0,21.0,17.0,18.0,16.0,17.479674796747968,0.0
2020-06-29,17.0,13.0,17.0,18.0,13.0,16.0,19.0,13.0,14.0,18.0,16.05691056910569,0.0
2020-06-30,17.0,17.0,13.0,14.0,14.0,17.0,18.0,14.0,12.0,14.0,15.243902439024389,0.0
2020-07-01,14.0,18.0,20.0,18.0,20.0,17.0,20.0,23.0,17.0,19.0,18.902439024390244,0.0
2020-07-02,19.0,17.0,17.0,19.0,15.0,18.0,18.0,15.0,17.0,22.0,17.98780487804878,0.0
2020-07-03,13.0,12.0,17.0,17.0,14.0,17.0,15.0,16.0,17.0,15.0,15.548780487804876,0.0
2020-07-04,19.0,19.0,19.0,23.0,22.0,26.0,22.0,21.0,24.0,19.0,21.747967479674795,0.0
2020-07-05,17.0,16.0,17.0,19.0,15.0,18.0,16.0,21.0,17.0,14.0,17.27642276422764,0.0
2020-07-06,21.0,14.0,14.0,18.0,18.0,19.0,19.0,17.0,15.0,19.0,17.68292682926829,0.0
2020-07-07,14.0,13.0,15.0,14.0,15.0,14.0,18.0,13.0,17.0,13.0,14.83739837398374,0.0
2020-07-08,12.0,17.0,19.0,15.0,18.0,16.0,19.0,14.0,19.0,18.0,16.971544715447152,0.0
2020-07-09,18.0,18.0,19.0,18.0,21.0,21.0,24.0,20.0,17.0,12.0,19.10569105691057,0.0
2020-07-10,17.0,18.0,20.0,18.0,18.0,22.0,22.0,26.0,24.0,21.0,20.93495934959349,0.0
2020-07-11,18.0,19.0,15.0,18.0,15.0,12.0,21.0,17.0,18.0,18.0,17.378048780487806,0.0
2020-07-12,22.0,17.0,19.0,16.0,20.0,20.0,15.0,20.0,16.0,16.0,18.39430894308943,0.0
2020-07-13,19.0,12.0,14.0,12.0,19.0,18.0,20.0,16.0,13.0,18.0,16.36178861788618,0.0
2020-07-14,15.0,18.0,21.0,20.0,20.0,17.0,22.0,23.0,15.0,20.0,19.410569105691057,0.0
2020-07-15,14.0,23.0,23.0,21.0,22.0,20.0,22.0,19.0,17.0,20.0,20.42682926829269,0.0
2020-07-16,22.0,17.0,17.0,18.0,22.0,15.0,19.0,19.0,17.0,21.0,19.004065040650406,0.0
2020-07-17,19.0,21.0,26.0,20.0,18.0,24.0,28.0,22.0,21.0,21.0,22.35772357723577,0.0
2020-07-18,25.0,21.0,22.0,21.0,21.0,22.0,24.0,23.0,20.0,25.0,22.76422764227642,0.0
2020-07-19,21.0,22.0,14.0,13.0,21.0,18.0,17.0,16.0,16.0,19.0,17.98780487804878,0.0
2020-07-20,16.0,16.0,20.0,16.0,21.0,20.0,18.0,14.0,17.0,22.0,18.29268292682927,0.0
2020-07-21,15.0,16.0,20.0,20.0,24.0,24.0,22.0,22.0,22.0,23.0,21.13821138211382,0.0
2020-07-22,19.0,15.0,17.0,18.0,18.0,16.0,11.0,15.0,17.0,16.0,16.46341463414634,0.0
2020-07-23,21.0,19.0,17.0,20.0,18.0,12.0,20.0,19.0,19.0,16.0,18.39430894308943,0.0
2020-07-24,22.0,19.0,19.0,15.0,15.0,21.0,21.0,19.0,20.0,22.0,19.61382113821138,0.0
2020-07-25,23.0,21.0,17.0,16.0,17.0,16.0,24.0,16.0,19.0,21.0,19.30894308943089,0.0
2020-07-26,21.0,23.0,25.0,24.0,21.0,23.0,27.0,24.0,21.0,21.0,23.3739837398374,0.0
2020-07-27,17.0,16.0,16.0,20.0,17.0,21.0,22.0,14.0,17.0,19.0,18.191056910569102,0.0
2020-07-28,21.0,21.0,18.0,26.0,24.0,22.0,26.0,23.0,21.0,20.0,22.560975609756092,0.0
2020-07-29,20.0,17.0,13.0,16.0,15.0,13.0,16.0,15.0,13.0,17.0,15.752032520325203,0.0
2020-07-30,16.0,14.0,13.0,16.0,11.0,18.0,19.0,15.0,12.0,17.0,15.345528455284551,0.0
2020-07-31,16.0,13.0,17.0,15.0,17.0,19.0,20.0,17.0,17.0,14.0,16.768292682926827,0.0
2020-08-01,15.0,16.0,16.0,21.0,14.0,19.0,16.0,16.0,15.0,10.0,16.05691056910569,0.0
2020-08-02,21.0,20.0,21.0,24.0,20.0,25.0,23.0,17.0,18.0,25.0,21.747967479674795,0.0
2020-08-03,18.0,15.0,18.0,20.0,12.0,19.0,16.0,17.0,16.0,19.0,17.27642276422764,0.0
2020-08-04,15.0,18.0,18.0,18.0,17.0,17.0,19.0,18.0,18.0,14.0,17.479674796747968,0.0
2020-08-05,16.0,15.0,16.0,15.0,18.0,14.0,19.0,16.0,18.0,17.0,16.666666666666664,0.0
2020-08-06,23.0,19.0,23.0,21.0,20.0,22.0,19.0,23.0,20.0,21.0,21.443089430894307,0.0
2020-08-07,18.0,17.0,17.0,14.0,16.0,23.0,19.0,18.0,24.0,19.0,18.80081300813008,0.0
2020-08-08,11.0,13.0,13.0,18.0,18.0,17.0,20.0,18.0,16.0,16.0,16.260162601626014,0.0
2020-08-09,18.0,23.0,17.0,19.0,14.0,25.0,20.0,20.0,17.0,21.0,19.71544715447154,0.0
2020-08-10,21.0,18.0,16.0,18.0,21.0,21.0,18.0,20.0,17.0,19.0,19.207317073170728,0.0
2020-08-11,21.0,24.0,16.0,18.0,16.0,16.0,20.0,17.0,15.0,20.0,18.59756097560976,0.0
2020-08-12,18.0,13.0,19.0,16.0,18.0,22.0,17.0,21.0,17.0,16.0,17.98780487804878,0.0
2020-08-13,23.0,24.0,16.0,18.0,20.0,22.0,23.0,21.0,22.0,18.0,21.036585365853657,0.0
2020-08-14,17.0,15.0,18.0,16.0,19.0,18.0,14.0,21.0,18.0,14.0,17.27642276422764,0.0
2020-08-15,14.0,20.0,18.0,20.0,13.0,14.0,16.0,19.0,16.0,18.0,17.073170731707314,0.0
2020-08-16,17.0,17.0,12.0,21.0,14.0,19.0,18.0,20.0,19.0,17.0,17.68292682926829,0.0
2020-08-17,11.0,13.0,13.0,15.0,14.0,17.0,12.0,12.0,12.0,15.0,13.617886178861788,0.0
2020-08-18,18.0,19.0,19.0,23.0,20.0,20.0,20.0,23.0,21.0,19.0,20.528455284552845,0.0
2020-08-19,20.0,22.0,19.0,18.0,19.0,20.0,16.0,22.0,16.0,16.0,19.10569105691057,0.0
2020-08-20,19.0,23.0,20.0,18.0,18.0,22.0,22.0,21.0,19.0,19.0,20.42682926829269,0.0
2020-08-21,19.0,18.0,22.0,19.0,22.0,20.0,16.0,20.0,21.0,20.0,20.020325203252032,0.0
2020-08-22,19.0,23.0,16.0,24.0,22.0,24.0,25.0,22.0,21.0,23.0,22.256097560975608,0.0
2020-08-23,20.0,21.0,22.0,20.0,23.0,26.0,22.0,17.0,17.0,21.0,21.239837398373982,0.0
2020-08-24,13.0,14.0,16.0,17.0,10.0,14.0,20.0,14.0,15.0,15.0,15.040650406504064,0.0
2020-08-25,17.0,18.0,19.0,18.0,20.0,23.0,21.0,21.0,15.0,18.0,19.30894308943089,0.0
2020-08-26,21.0,19.0,18.0,19.0,16.0,21.0,22.0,21.0,21.0,20.0,20.121951219512194,0.0
2020-08-27,23.0,19.0,20.0,21.0,19.0,20.0,21.0,19.0,21.0,21.0,20.73170731707317,0.0
2020-08-28,19.0,21.0,21.0,16.0,24.0,18.0,21.0,18.0,21.0,21.0,20.32520325203252,0.0
2020-08-29,13.0,18.0,19.0,20.0,16.0,22.0,18.0,19.0,15.0,23.0,18.59756097560976,0.0
2020-08-30,16.0,19.0,19.0,15.0,11.0,16.0,22.0,12.0,14.0,17.0,16.36178861788618,0.0
2020-08-31,19.0,14.0,15.0,16.0,16.0,19.0,19.0,24.0,15.0,20.0,17.98780487804878,0.0
2020-09-01,16.0,20.0,20.0,19.0,20.0,22.0,23.0,21.0,20.0,21.0,20.528455284552845,0.0
2020-09-02,20.0,25.0,24.0,23.0,17.0,23.0,26.0,22.0,19.0,21.0,22.35772357723577,0.0
2020-09-03,23.0,23.0,24.0,31.0,18.0,21.0,21.0,20.0,25.0,21.0,23.069105691056908,0.0
2020-09-04,23.0,22.0,20.0,19.0,25.0,25.0,30.0,24.0,27.0,24.0,24.28861788617886,0.0
2020-09-05,19.0,22.0,17.0,21.0,22.0,20.0,21.0,18.0,20.0,24.0,20.73170731707317,0.0
2020-09-06,30.0,24.0,27.0,29.0,27.0,25.0,36.0,25.0,31.0,25.0,28.353658536585364,0.0
2020-09-07,24.0,25.0,23.0,21.0,21.0,29.0,29.0,22.0,24.0,29.0,25.101626016260163,0.0
2020-09-08,26.0,33.0,32.0,29.0,31.0,28.0,31.0,34.0,29.0,32.0,30.99593495934959,0.0
2020-09-09,30.0,30.0,28.0,32.0,31.0,30.0,27.0,33.0,29.0,35.0,30.99593495934959,0.0
2020-09-10,31.0,30.0,28.0,30.0,24.0,33.0,32.0,33.0,30.0,36.0,31.199186991869915,0.0
2020-09-11,33.0,32.0,29.0,29.0,28.0,27.0,33.0,27.0,26.0,27.0,29.573170731707314,0.0
2020-09-12,25.0,31.0,33.0,29.0,29.0,32.0,32.0,31.0,33.0,28.0,30.792682926829265,0.0
2020-09-13,32.0,32.0,39.0,30.0,32.0,34.0,38.0,30.0,31.0,28.0,33.130081300813,0.0
2020-09-14,36.0,35.0,30.0,36.0,28.0,32.0,32.0,28.0,34.0,37.0,33.33333333333333,0.0
2020-09-15,29.0,30.0,31.0,33.0,26.0,31.0,37.0,33.0,31.0,31.0,31.70731707317073,0.0
2020-09-16,27.0,28.0,31.0,34.0,30.0,32.0,32.0,34.0,24.0,32.0,30.894308943089428,0.0
2020-09-17,33.0,37.0,36.0,33.0,35.0,37.0,33.0,32.0,35.0,33.0,34.959349593495936,0.0
2020-09-18,23.0,29.0,23.0,20.0,20.0,25.0,21.0,20.0,22.0,20.0,22.662601626016254,0.0
2020-09-19,20.0,26.0,24.0,19.0,24.0,26.0,27.0,19.0,22.0,21.0,23.17073170731707,0.0
2020-09-20,22.0,22.0,29.0,21.0,22.0,29.0,23.0,27.0,22.0,29.0,25.0,0.0
2020-09-21,28.0,33.0,17.0,25.0,25.0,22.0,24.0,22.0,25.0,27.0,25.203252032520325,0.0
2020-08-22,58.0,68.0,75.0,70.0,56.0,67.0,56.0,58.0,52.0,65.0,69.06077348066299,1.0
2020-08-23,49.0,57.0,57.0,65.0,61.0,53.0,67.0,44.0,77.0,65.0,65.74585635359117,1.0
2020-08-24,37.0,55.0,49.0,43.0,45.0,59.0,45.0,46.0,41.0,40.0,50.828729281767956,1.0
2020-08-25,54.0,61.0,64.0,64.0,51.0,60.0,52.0,48.0,57.0,50.0,61.988950276243095,1.0
2020-08-26,44.0,56.0,48.0,53.0,50.0,65.0,62.0,48.0,61.0,37.0,57.90055248618785,1.0
2020-08-27,53.0,74.0,63.0,62.0,63.0,64.0,52.0,55.0,65.0,61.0,67.62430939226519,1.0
2020-08-28,69.0,63.0,56.0,59.0,47.0,73.0,52.0,59.0,66.0,53.0,65.96685082872928,1.0
2020-08-29,42.0,55.0,54.0,48.0,51.0,59.0,47.0,45.0,48.0,53.0,55.469613259668506,1.0
2020-08-30,39.0,42.0,41.0,45.0,51.0,53.0,46.0,50.0,56.0,39.0,51.049723756906076,1.0
2020-08-31,47.0,44.0,56.0,63.0,53.0,57.0,38.0,47.0,54.0,37.0,54.806629834254146,1.0
2020-09-01,47.0,48.0,52.0,54.0,62.0,59.0,59.0,56.0,53.0,43.0,58.89502762430939,1.0
2020-09-02,53.0,64.0,64.0,50.0,65.0,67.0,66.0,60.0,56.0,53.0,66.07734806629834,1.0
2020-09-03,59.0,82.0,73.0,61.0,65.0,75.0,61.0,66.0,56.0,53.0,71.93370165745856,1.0
2020-09-04,57.0,58.0,71.0,68.0,80.0,82.0,55.0,67.0,75.0,50.0,73.25966850828729,1.0
2020-09-05,59.0,56.0,64.0,53.0,59.0,63.0,59.0,47.0,55.0,49.0,62.32044198895028,1.0
2020-09-06,80.0,85.0,81.0,78.0,79.0,76.0,85.0,76.0,92.0,75.0,89.17127071823204,1.0
2020-09-07,72.0,68.0,60.0,73.0,63.0,80.0,67.0,66.0,64.0,66.0,75.02762430939228,1.0
2020-09-08,53.0,100.0,86.0,96.0,96.0,85.0,88.0,98.0,100.0,68.0,96.13259668508287,1.0
2020-09-09,78.0,90.0,92.0,89.0,94.0,100.0,100.0,82.0,96.0,71.0,98.56353591160222,1.0
2020-09-10,80.0,84.0,100.0,88.0,90.0,89.0,75.0,71.0,80.0,85.0,93.03867403314918,1.0
2020-09-11,58.0,99.0,82.0,86.0,87.0,99.0,62.0,79.0,85.0,71.0,89.2817679558011,1.0
2020-09-12,80.0,71.0,77.0,91.0,79.0,71.0,89.0,74.0,97.0,78.0,89.17127071823204,1.0
2020-09-13,64.0,86.0,91.0,80.0,91.0,97.0,91.0,100.0,89.0,85.0,96.57458563535911,1.0
2020-09-14,100.0,83.0,98.0,97.0,90.0,88.0,90.0,80.0,84.0,83.0,98.67403314917127,1.0
2020-09-15,81.0,89.0,93.0,84.0,85.0,88.0,82.0,86.0,92.0,85.0,95.58011049723757,1.0
2020-09-16,81.0,91.0,88.0,97.0,87.0,88.0,73.0,85.0,84.0,83.0,94.69613259668509,1.0
2020-09-17,77.0,85.0,98.0,94.0,100.0,95.0,73.0,85.0,98.0,100.0,100.0,1.0
2020-09-18,72.0,57.0,66.0,73.0,53.0,67.0,69.0,62.0,80.0,56.0,72.37569060773481,1.0
2020-09-19,69.0,67.0,67.0,69.0,73.0,73.0,58.0,67.0,87.0,64.0,76.68508287292819,1.0
2020-09-20,77.0,77.0,77.0,65.0,85.0,84.0,77.0,68.0,85.0,78.0,85.41436464088397,1.0
2020-09-21,59.0,70.0,74.0,74.0,76.0,62.0,63.0,83.0,86.0,60.0,78.12154696132596,1.0
2020-09-22,48.0,73.0,71.0,68.0,64.0,61.0,65.0,53.0,58.0,75.0,70.27624309392266,1.0
2020-09-23,61.0,70.0,55.0,82.0,76.0,76.0,72.0,55.0,66.0,55.0,73.8121546961326,1.0
2020-09-24,46.0,63.0,70.0,66.0,48.0,63.0,53.0,54.0,62.0,49.0,63.425414364640886,1.0
2020-09-25,42.0,49.0,40.0,45.0,34.0,46.0,41.0,36.0,43.0,25.0,44.30939226519337,1.0
2020-09-26,36.0,48.0,41.0,46.0,48.0,51.0,42.0,34.0,58.0,47.0,49.83425414364641,1.0
2020-09-27,40.0,48.0,46.0,42.0,42.0,60.0,54.0,48.0,47.0,33.0,50.828729281767956,1.0
2020-09-28,42.0,55.0,62.0,56.0,61.0,51.0,58.0,60.0,53.0,51.0,60.66298342541437,1.0
2020-09-29,46.0,47.0,58.0,54.0,57.0,72.0,55.0,52.0,59.0,50.0,60.773480662983424,1.0
2020-09-30,67.0,66.0,53.0,56.0,68.0,70.0,58.0,62.0,65.0,65.0,69.61325966850829,1.0
2020-10-01,48.0,63.0,61.0,62.0,55.0,77.0,67.0,57.0,69.0,49.0,67.18232044198895,1.0
2020-10-02,59.0,61.0,53.0,52.0,56.0,67.0,38.0,35.0,58.0,47.0,58.12154696132597,1.0
2020-10-03,41.0,59.0,48.0,36.0,50.0,50.0,46.0,48.0,52.0,40.0,51.93370165745856,1.0
2020-10-04,36.0,48.0,69.0,56.0,53.0,52.0,54.0,42.0,41.0,62.0,56.68508287292818,1.0
2020-10-05,44.0,38.0,48.0,53.0,43.0,43.0,45.0,48.0,47.0,44.0,50.05524861878453,1.0
2020-10-06,42.0,49.0,50.0,58.0,59.0,65.0,49.0,59.0,60.0,39.0,58.56353591160221,1.0
2020-10-07,48.0,63.0,61.0,63.0,59.0,82.0,59.0,61.0,64.0,59.0,68.39779005524862,1.0
2020-10-08,63.0,66.0,70.0,68.0,75.0,68.0,66.0,61.0,77.0,62.0,74.69613259668508,1.0
2020-10-09,45.0,52.0,59.0,58.0,57.0,60.0,54.0,52.0,60.0,49.0,60.331491712707184,1.0
2020-10-10,55.0,64.0,71.0,75.0,73.0,74.0,80.0,58.0,61.0,57.0,73.8121546961326,1.0
2020-10-11,62.0,75.0,67.0,72.0,81.0,79.0,63.0,64.0,79.0,59.0,77.4585635359116,1.0
2020-10-12,51.0,61.0,58.0,48.0,59.0,75.0,62.0,55.0,69.0,56.0,65.6353591160221,1.0
2020-10-13,48.0,74.0,63.0,73.0,63.0,78.0,79.0,67.0,69.0,59.0,74.3646408839779,1.0
2020-10-14,50.0,51.0,58.0,75.0,62.0,67.0,63.0,55.0,76.0,62.0,68.39779005524862,1.0
2020-10-15,70.0,63.0,60.0,74.0,69.0,74.0,65.0,71.0,76.0,65.0,75.91160220994475,1.0
2020-10-16,66.0,69.0,67.0,70.0,79.0,97.0,80.0,84.0,75.0,80.0,84.7513812154696,1.0
2020-10-17,48.0,84.0,79.0,74.0,62.0,68.0,72.0,61.0,79.0,62.0,76.13259668508289,1.0
2020-10-18,61.0,66.0,80.0,73.0,63.0,64.0,66.0,69.0,53.0,56.0,71.93370165745856,1.0
2020-10-19,57.0,57.0,44.0,55.0,66.0,78.0,56.0,62.0,50.0,51.0,63.646408839779006,1.0
2020-10-20,67.0,80.0,70.0,80.0,66.0,92.0,59.0,56.0,59.0,56.0,75.69060773480663,1.0
2020-10-21,64.0,78.0,83.0,87.0,77.0,86.0,82.0,67.0,85.0,70.0,86.07734806629836,1.0
2020-10-22,77.0,87.0,79.0,77.0,89.0,84.0,85.0,85.0,78.0,63.0,88.83977900552487,1.0
2020-10-23,63.0,84.0,83.0,86.0,80.0,79.0,67.0,78.0,91.0,65.0,85.74585635359115,1.0
2020-10-24,66.0,72.0,74.0,74.0,81.0,92.0,67.0,63.0,72.0,77.0,81.54696132596685,1.0
2020-10-25,64.0,85.0,93.0,100.0,84.0,94.0,88.0,80.0,99.0,75.0,95.2486187845304,1.0
2020-10-26,56.0,73.0,68.0,72.0,77.0,71.0,74.0,82.0,60.0,61.0,76.68508287292819,1.0
2020-10-27,63.0,62.0,77.0,73.0,66.0,66.0,66.0,62.0,60.0,58.0,72.15469613259668,1.0
2020-10-28,53.0,67.0,70.0,73.0,63.0,92.0,73.0,58.0,78.0,63.0,76.24309392265194,1.0
2020-10-29,42.0,57.0,70.0,49.0,54.0,67.0,71.0,43.0,58.0,45.0,61.43646408839779,1.0
2020-10-30,53.0,51.0,66.0,57.0,47.0,65.0,50.0,48.0,55.0,43.0,59.11602209944751,1.0
2020-10-31,36.0,55.0,53.0,56.0,64.0,67.0,44.0,57.0,73.0,55.0,61.87845303867403,1.0
2020-11-01,57.0,61.0,83.0,68.0,69.0,70.0,73.0,74.0,80.0,57.0,76.46408839779005,1.0
2020-11-02,57.0,63.0,76.0,72.0,81.0,78.0,75.0,64.0,69.0,53.0,76.02209944751381,1.0
2020-11-03,59.0,59.0,74.0,76.0,66.0,74.0,54.0,71.0,67.0,54.0,72.26519337016576,1.0
2020-11-04,40.0,46.0,54.0,45.0,54.0,52.0,45.0,54.0,52.0,42.0,53.48066298342541,1.0
2020-11-05,54.0,65.0,55.0,63.0,66.0,73.0,64.0,52.0,66.0,56.0,67.84530386740332,1.0
2020-11-06,51.0,57.0,66.0,55.0,61.0,61.0,57.0,53.0,60.0,46.0,62.651933701657455,1.0
2020-11-07,54.0,60.0,55.0,60.0,56.0,53.0,56.0,55.0,57.0,55.0,61.988950276243095,1.0
2020-11-08,54.0,55.0,67.0,56.0,62.0,68.0,47.0,68.0,67.0,46.0,65.19337016574586,1.0
2020-11-09,55.0,61.0,67.0,66.0,58.0,67.0,58.0,58.0,71.0,60.0,68.61878453038673,1.0
2020-11-10,40.0,56.0,49.0,43.0,53.0,52.0,47.0,51.0,51.0,50.0,54.3646408839779,1.0
2020-11-11,47.0,55.0,68.0,69.0,65.0,67.0,54.0,41.0,59.0,49.0,63.425414364640886,1.0
2020-11-12,49.0,49.0,49.0,53.0,54.0,67.0,46.0,57.0,56.0,45.0,58.011049723756905,1.0
2020-11-13,45.0,61.0,55.0,59.0,47.0,64.0,57.0,57.0,61.0,52.0,61.65745856353591,1.0
2020-11-14,45.0,53.0,50.0,66.0,45.0,50.0,48.0,47.0,46.0,43.0,54.47513812154696,1.0
2020-11-15,52.0,73.0,49.0,51.0,60.0,78.0,54.0,61.0,63.0,66.0,67.07182320441989,1.0
2020-11-16,49.0,48.0,56.0,57.0,58.0,62.0,52.0,48.0,46.0,49.0,58.011049723756905,1.0
2020-11-17,49.0,58.0,58.0,57.0,67.0,66.0,60.0,54.0,67.0,59.0,65.74585635359117,1.0
2020-11-18,42.0,43.0,38.0,40.0,42.0,48.0,38.0,31.0,51.0,35.0,45.08287292817679,1.0
2020-11-19,37.0,43.0,54.0,63.0,35.0,56.0,48.0,41.0,48.0,51.0,52.59668508287293,1.0
2020-11-20,43.0,51.0,47.0,42.0,48.0,56.0,46.0,40.0,45.0,51.0,51.8232044198895,1.0
2020-11-21,30.0,38.0,44.0,44.0,48.0,41.0,42.0,48.0,49.0,44.0,47.29281767955801,1.0
2020-11-22,38.0,51.0,56.0,49.0,50.0,71.0,38.0,51.0,42.0,41.0,53.812154696132595,1.0
2020-11-23,45.0,61.0,61.0,50.0,52.0,64.0,58.0,51.0,53.0,51.0,60.331491712707184,1.0
2020-11-24,48.0,43.0,51.0,38.0,51.0,42.0,41.0,45.0,55.0,47.0,50.93922651933702,1.0
2020-11-25,41.0,46.0,60.0,60.0,45.0,54.0,49.0,43.0,43.0,40.0,53.149171270718234,1.0
2020-11-26,54.0,43.0,40.0,49.0,48.0,65.0,54.0,49.0,60.0,44.0,55.91160220994475,1.0
2020-11-27,49.0,45.0,45.0,38.0,38.0,55.0,39.0,34.0,38.0,39.0,46.408839779005525,1.0
2020-11-28,40.0,45.0,47.0,48.0,48.0,47.0,55.0,37.0,46.0,46.0,50.71823204419889,1.0
2020-11-29,50.0,46.0,60.0,57.0,49.0,48.0,41.0,47.0,55.0,43.0,54.806629834254146,1.0
2020-11-30,39.0,51.0,41.0,48.0,37.0,60.0,45.0,46.0,43.0,43.0,50.05524861878453,1.0
2020-12-01,39.0,41.0,52.0,50.0,52.0,52.0,39.0,51.0,55.0,43.0,52.3756906077348,1.0
2020-12-02,36.0,36.0,45.0,50.0,47.0,48.0,42.0,37.0,47.0,36.0,46.850828729281766,1.0
2020-12-03,53.0,37.0,41.0,41.0,41.0,57.0,40.0,44.0,41.0,36.0,47.6243093922652,1.0
2020-12-04,47.0,41.0,44.0,54.0,49.0,60.0,39.0,50.0,54.0,38.0,52.59668508287293,1.0
2020-12-05,32.0,37.0,39.0,38.0,36.0,34.0,36.0,31.0,34.0,37.0,39.11602209944751,1.0
2020-12-06,38.0,51.0,49.0,52.0,48.0,56.0,47.0,40.0,52.0,58.0,54.25414364640884,1.0
2020-12-07,40.0,47.0,49.0,56.0,56.0,48.0,55.0,57.0,45.0,50.0,55.58011049723757,1.0
2020-12-08,40.0,40.0,38.0,46.0,39.0,49.0,50.0,42.0,49.0,39.0,47.73480662983425,1.0
2020-12-09,44.0,53.0,52.0,54.0,53.0,49.0,48.0,56.0,60.0,43.0,56.574585635359114,1.0
2020-12-10,36.0,32.0,43.0,36.0,41.0,35.0,25.0,32.0,44.0,41.0,40.331491712707184,1.0
2020-12-11,45.0,49.0,53.0,50.0,42.0,41.0,49.0,43.0,47.0,41.0,50.828729281767956,1.0
2020-12-12,56.0,44.0,49.0,53.0,51.0,55.0,45.0,38.0,48.0,37.0,52.59668508287293,1.0
2020-12-13,54.0,43.0,48.0,36.0,42.0,54.0,50.0,38.0,43.0,44.0,49.94475138121547,1.0
2020-12-14,41.0,48.0,53.0,45.0,50.0,52.0,48.0,45.0,48.0,40.0,51.93370165745856,1.0
2020-12-15,37.0,52.0,43.0,45.0,46.0,49.0,43.0,37.0,39.0,49.0,48.61878453038674,1.0
2020-12-16,37.0,53.0,40.0,40.0,42.0,61.0,45.0,37.0,39.0,23.0,46.07734806629834,1.0
2020-12-17,45.0,62.0,59.0,68.0,54.0,73.0,44.0,48.0,66.0,51.0,62.98342541436464,1.0
2020-12-18,42.0,52.0,51.0,45.0,50.0,59.0,39.0,40.0,50.0,42.0,51.93370165745856,1.0
2020-12-19,54.0,49.0,69.0,54.0,51.0,77.0,64.0,56.0,59.0,59.0,65.41436464088397,1.0
2020-12-20,44.0,53.0,54.0,40.0,48.0,60.0,38.0,42.0,50.0,37.0,51.49171270718232,1.0
2020-12-21,38.0,55.0,47.0,44.0,37.0,37.0,51.0,43.0,54.0,35.0,48.729281767955804,1.0
2020-12-22,47.0,65.0,63.0,61.0,54.0,67.0,53.0,52.0,53.0,68.0,64.41988950276243,1.0
2020-12-23,59.0,54.0,62.0,65.0,61.0,72.0,66.0,53.0,68.0,45.0,66.85082872928177,1.0
2020-12-24,43.0,57.0,53.0,51.0,53.0,62.0,45.0,43.0,60.0,55.0,57.67955801104972,1.0
2020-12-25,46.0,41.0,48.0,58.0,51.0,49.0,46.0,39.0,44.0,47.0,51.8232044198895,1.0
2020-12-26,43.0,53.0,58.0,44.0,43.0,53.0,49.0,52.0,47.0,43.0,53.591160220994475,1.0
2020-12-27,57.0,61.0,71.0,74.0,71.0,67.0,75.0,56.0,77.0,56.0,73.48066298342542,1.0
2020-12-28,48.0,52.0,41.0,37.0,45.0,65.0,42.0,43.0,55.0,45.0,52.26519337016575,1.0
2020-12-29,53.0,58.0,46.0,57.0,57.0,43.0,53.0,44.0,53.0,51.0,56.9060773480663,1.0
2020-12-30,49.0,54.0,62.0,62.0,66.0,84.0,61.0,59.0,68.0,44.0,67.29281767955801,1.0
2020-12-31,36.0,31.0,38.0,39.0,59.0,48.0,40.0,50.0,49.0,50.0,48.61878453038674,1.0
2021-01-01,60.0,51.0,48.0,57.0,52.0,45.0,44.0,45.0,49.0,33.0,53.48066298342541,1.0
2021-01-02,48.0,68.0,46.0,55.0,61.0,71.0,55.0,58.0,68.0,50.0,64.08839779005525,1.0
2021-01-03,53.0,64.0,60.0,65.0,69.0,60.0,51.0,66.0,64.0,56.0,67.18232044198895,1.0
2021-01-04,52.0,51.0,47.0,52.0,43.0,60.0,51.0,45.0,65.0,54.0,57.4585635359116,1.0
2021-01-05,41.0,52.0,54.0,63.0,59.0,45.0,45.0,55.0,44.0,51.0,56.24309392265194,1.0
2021-01-06,35.0,42.0,46.0,56.0,53.0,57.0,49.0,47.0,53.0,48.0,53.70165745856354,1.0
2021-01-07,46.0,70.0,53.0,56.0,44.0,74.0,55.0,56.0,58.0,47.0,61.767955801104975,1.0
2021-01-08,60.0,53.0,62.0,60.0,63.0,65.0,51.0,60.0,54.0,46.0,63.425414364640886,1.0
2021-01-09,59.0,54.0,58.0,60.0,46.0,70.0,53.0,66.0,52.0,48.0,62.5414364640884,1.0
2021-01-10,56.0,51.0,79.0,79.0,60.0,52.0,62.0,51.0,74.0,52.0,68.06629834254143,1.0
2021-01-11,54.0,61.0,51.0,54.0,72.0,63.0,69.0,63.0,79.0,47.0,67.73480662983425,1.0
2021-01-12,54.0,44.0,48.0,51.0,56.0,54.0,53.0,53.0,46.0,45.0,55.69060773480663,1.0
2021-01-13,38.0,48.0,52.0,48.0,50.0,67.0,51.0,43.0,57.0,40.0,54.58563535911602,1.0
2021-01-14,55.0,49.0,62.0,63.0,57.0,59.0,59.0,55.0,57.0,49.0,62.430939226519335,1.0
2021-01-15,50.0,56.0,55.0,47.0,62.0,61.0,51.0,49.0,66.0,48.0,60.22099447513812,1.0
2021-01-16,49.0,49.0,68.0,57.0,50.0,47.0,51.0,45.0,58.0,46.0,57.4585635359116,1.0
2021-01-17,42.0,58.0,70.0,64.0,61.0,66.0,57.0,52.0,68.0,42.0,64.08839779005525,1.0
2021-01-18,54.0,59.0,56.0,59.0,67.0,71.0,71.0,67.0,70.0,57.0,69.72375690607734,1.0
2021-01-19,54.0,61.0,52.0,58.0,56.0,66.0,65.0,53.0,54.0,43.0,62.09944751381215,1.0
2021-01-20,54.0,53.0,57.0,50.0,55.0,64.0,62.0,52.0,58.0,54.0,61.767955801104975,1.0
2021-01-21,53.0,72.0,63.0,56.0,64.0,70.0,62.0,61.0,69.0,55.0,69.06077348066299,1.0
2021-01-22,37.0,48.0,56.0,60.0,51.0,60.0,51.0,52.0,49.0,39.0,55.58011049723757,1.0
2021-01-23,49.0,48.0,61.0,57.0,52.0,58.0,54.0,40.0,61.0,33.0,56.68508287292818,1.0
2021-01-24,58.0,54.0,70.0,70.0,71.0,89.0,61.0,76.0,69.0,52.0,74.03314917127072,1.0
2021-01-25,53.0,49.0,66.0,61.0,63.0,80.0,56.0,45.0,65.0,40.0,63.86740331491713,1.0
2021-01-26,63.0,57.0,62.0,64.0,65.0,67.0,61.0,62.0,62.0,48.0,67.51381215469613,1.0
2021-01-27,52.0,65.0,71.0,66.0,47.0,71.0,51.0,64.0,66.0,56.0,67.29281767955801,1.0
2021-01-28,46.0,56.0,43.0,57.0,55.0,80.0,53.0,51.0,60.0,46.0,60.44198895027624,1.0
2021-01-29,66.0,73.0,46.0,65.0,61.0,63.0,62.0,66.0,68.0,61.0,69.72375690607734,1.0
2021-01-30,41.0,60.0,78.0,59.0,62.0,73.0,61.0,68.0,60.0,63.0,69.06077348066299,1.0
2021-01-31,56.0,58.0,61.0,57.0,55.0,76.0,77.0,60.0,67.0,65.0,69.8342541436464,1.0
2021-02-01,57.0,61.0,64.0,76.0,58.0,60.0,77.0,56.0,66.0,64.0,70.60773480662984,1.0
2021-02-02,45.0,66.0,49.0,48.0,53.0,64.0,50.0,58.0,64.0,51.0,60.552486187845304,1.0
2021-02-03,52.0,61.0,73.0,62.0,60.0,77.0,70.0,62.0,65.0,56.0,70.49723756906077,1.0
2021-02-04,55.0,60.0,59.0,73.0,56.0,71.0,65.0,48.0,57.0,58.0,66.51933701657458,1.0
2021-02-05,48.0,53.0,38.0,46.0,58.0,57.0,48.0,41.0,50.0,46.0,53.591160220994475,1.0
2021-02-06,36.0,56.0,55.0,61.0,63.0,74.0,54.0,54.0,49.0,54.0,61.43646408839779,1.0
2021-02-07,47.0,63.0,62.0,69.0,49.0,63.0,65.0,57.0,50.0,45.0,62.98342541436464,1.0
2021-02-08,45.0,59.0,58.0,57.0,64.0,59.0,64.0,50.0,51.0,53.0,61.87845303867403,1.0
2021-02-09,49.0,65.0,63.0,65.0,70.0,81.0,48.0,70.0,65.0,51.0,69.2817679558011,1.0
2021-02-10,43.0,57.0,62.0,52.0,59.0,65.0,60.0,54.0,57.0,44.0,61.10497237569061,1.0
2021-02-11,51.0,55.0,59.0,72.0,53.0,70.0,64.0,60.0,51.0,59.0,65.6353591160221,1.0
2021-02-12,55.0,46.0,73.0,56.0,53.0,65.0,55.0,42.0,46.0,52.0,60.0,1.0
2021-02-13,54.0,57.0,71.0,58.0,69.0,80.0,54.0,64.0,73.0,62.0,70.93922651933701,1.0
2021-02-14,52.0,58.0,57.0,58.0,69.0,71.0,57.0,48.0,65.0,45.0,64.08839779005525,1.0
2021-02-15,60.0,58.0,61.0,55.0,71.0,74.0,64.0,64.0,79.0,60.0,71.38121546961325,1.0
2021-02-16,58.0,58.0,67.0,62.0,60.0,51.0,67.0,55.0,67.0,62.0,67.07182320441989,1.0
2021-02-17,64.0,63.0,55.0,73.0,69.0,76.0,76.0,60.0,70.0,63.0,73.92265193370167,1.0
2021-02-18,50.0,61.0,57.0,54.0,68.0,62.0,48.0,62.0,60.0,53.0,63.53591160220994,1.0
2021-02-19,56.0,57.0,56.0,61.0,56.0,54.0,54.0,46.0,58.0,51.0,60.66298342541437,1.0
2021-02-20,55.0,64.0,49.0,57.0,56.0,77.0,54.0,61.0,56.0,68.0,65.96685082872928,1.0
2021-02-21,38.0,62.0,46.0,57.0,62.0,68.0,54.0,44.0,62.0,42.0,59.11602209944751,1.0
2021-02-22,56.0,61.0,53.0,68.0,61.0,67.0,56.0,63.0,63.0,50.0,66.07734806629834,1.0
2021-02-23,39.0,57.0,60.0,51.0,59.0,47.0,57.0,55.0,72.0,45.0,59.889502762430936,1.0
2021-02-24,55.0,56.0,42.0,62.0,70.0,58.0,60.0,57.0,72.0,60.0,65.41436464088397,1.0
2021-02-25,43.0,48.0,57.0,65.0,61.0,58.0,51.0,65.0,56.0,51.0,61.32596685082873,1.0
2021-02-26,47.0,59.0,51.0,57.0,68.0,53.0,43.0,48.0,58.0,61.0,60.22099447513812,1.0
2021-02-27,50.0,59.0,49.0,44.0,50.0,57.0,41.0,48.0,53.0,61.0,56.574585635359114,1.0
2021-02-28,57.0,61.0,68.0,52.0,63.0,63.0,53.0,56.0,48.0,54.0,63.53591160220994,1.0
2021-03-01,57.0,55.0,49.0,63.0,48.0,56.0,54.0,46.0,59.0,60.0,60.44198895027624,1.0
2021-03-02,57.0,65.0,72.0,69.0,65.0,60.0,60.0,55.0,66.0,61.0,69.61325966850829,1.0
2021-03-03,54.0,48.0,53.0,54.0,55.0,64.0,47.0,46.0,48.0,50.0,57.348066298342545,1.0
2021-03-04,53.0,56.0,49.0,62.0,52.0,58.0,48.0,59.0,49.0,51.0,59.33701657458563,1.0
2021-03-05,36.0,38.0,46.0,56.0,49.0,49.0,44.0,34.0,51.0,45.0,49.50276243093923,1.0
2021-03-06,41.0,54.0,59.0,47.0,62.0,66.0,74.0,49.0,54.0,53.0,61.767955801104975,1.0
2021-03-07,63.0,42.0,70.0,53.0,60.0,82.0,64.0,60.0,73.0,60.0,69.2817679558011,1.0
2021-03-08,50.0,46.0,47.0,53.0,47.0,49.0,50.0,45.0,48.0,60.0,54.69613259668508,1.0
2021-03-09,52.0,61.0,61.0,66.0,47.0,72.0,67.0,49.0,48.0,56.0,63.97790055248619,1.0
2021-03-10,43.0,58.0,62.0,55.0,58.0,62.0,60.0,52.0,63.0,53.0,62.5414364640884,1.0
2021-03-11,55.0,51.0,64.0,71.0,51.0,55.0,57.0,65.0,53.0,59.0,64.1988950276243,1.0
2021-03-12,52.0,52.0,60.0,63.0,51.0,53.0,46.0,41.0,48.0,49.0,56.9060773480663,1.0
2021-03-13,45.0,63.0,52.0,54.0,59.0,67.0,54.0,47.0,63.0,63.0,62.651933701657455,1.0
2021-03-14,60.0,52.0,58.0,69.0,69.0,62.0,62.0,51.0,69.0,57.0,67.29281767955801,1.0
2021-03-15,66.0,57.0,58.0,65.0,53.0,70.0,50.0,56.0,64.0,49.0,64.97237569060773,1.0
2021-03-16,62.0,73.0,67.0,57.0,80.0,88.0,59.0,70.0,60.0,64.0,75.13812154696133,1.0
